municipality,province,year,"AGRICOLTURA, POLITICHE AGROALIMENTARI E PESCA",ANTICIPAZIONI FINANZIARIE,ASSETTO DEL TERRITORIO ED EDILIZIA ABITATIVA,DEBITO PUBBLICO,"DIRITTI SOCIALI, POLITICHE SOCIALI E FAMIGLIA",Disavanzo di amministrazione,ENERGIA E DIVERSIFICAZIONE DELLE FONTI ENERGETICHE,FONDI E ACCANTONAMENTI,GIUSTIZIA,ISTRUZIONE E DIRITTO ALLO STUDIO,ORDINE PUBBLICO E SICUREZZA,"POLITICHE GIOVANILI, SPORT E TEMPO LIBERO",POLITICHE PER IL LAVORO E LA FORMAZIONE PROFESSIONALE,Prestiti,RELAZIONI CON LE ALTRE AUTONOMIE TERRITORIALI E LOCALI,RELAZIONI INTERNAZIONALI,"SERVIZI ISTITUZIONALI, GENERALI E DI GESTIONE",SERVIZI PER CONTO TERZI,SOCCORSO CIVILE,SVILUPPO ECONOMICO E COMPETITIVITÃ€,SVILUPPO SOSTENIBILE E TUTELA DEL TERRITORIO E DELL'AMBIENTE,Spese per conto terzi,TOTALE SPESE,TRASPORTI E DIRITTO ALLA MOBILITA',TURISMO,TUTELA DELLA SALUTE,TUTELA E VALORIZZAZIONE DEI BENI E ATTIVITA' CULTURALI,funzioni,preventivo-spese-disavanzo-di-amministrazione
PORTO AZZURRO,LI,2014,NA,NA,NA,NA,NA,NA,NA,NA,NA,NA,NA,NA,NA,1684542,NA,NA,NA,NA,NA,NA,NA,483145,8597975,NA,NA,NA,NA,6430291,NA
VARALLO POMBIA,NO,2014,NA,NA,NA,NA,NA,NA,NA,NA,NA,NA,NA,NA,NA,984265,NA,NA,NA,NA,NA,NA,NA,261981,5464965,NA,NA,NA,NA,4218719,NA
CASALDUNI,BN,2014,NA,NA,NA,NA,NA,NA,NA,NA,NA,NA,NA,NA,NA,285077,NA,NA,NA,NA,NA,NA,NA,159406,2880529,NA,NA,NA,NA,2436046,NA
SAN GIOVANNI IN FIORE,CS,2014,NA,NA,NA,NA,NA,NA,NA,NA,NA,NA,NA,NA,NA,NA,NA,NA,NA,NA,NA,NA,NA,NA,NA,NA,NA,NA,NA,NA,NA
BAGHERIA,PA,2014,NA,NA,NA,NA,NA,NA,NA,NA,NA,NA,NA,NA,NA,NA,NA,NA,NA,NA,NA,NA,NA,NA,NA,NA,NA,NA,NA,NA,NA
PALAGONIA,CT,2014,NA,NA,NA,NA,NA,NA,NA,NA,NA,NA,NA,NA,NA,NA,NA,NA,NA,NA,NA,NA,NA,NA,NA,NA,NA,NA,NA,NA,NA
RAVISCANINA,CE,2014,NA,NA,NA,NA,NA,NA,NA,NA,NA,NA,NA,NA,NA,588215,NA,NA,NA,NA,NA,NA,NA,70295,1898891,NA,NA,NA,NA,1240381,NA
PIANA DI MONTE VERNA,CE,2014,NA,NA,NA,NA,NA,NA,NA,NA,NA,NA,NA,NA,NA,723817,NA,NA,NA,NA,NA,NA,NA,559200,5163048,NA,NA,NA,NA,3880031,0
ROCCABASCERANA,AV,2014,NA,NA,NA,NA,NA,NA,NA,NA,NA,NA,NA,NA,NA,1045459,NA,NA,NA,NA,NA,NA,NA,197500,23236872,NA,NA,NA,NA,21904926,88986
SQUILLACE,CZ,2014,NA,NA,NA,NA,NA,NA,NA,NA,NA,NA,NA,NA,NA,NA,NA,NA,NA,NA,NA,NA,NA,NA,NA,NA,NA,NA,NA,NA,NA
FEROLETO DELLA CHIESA,RC,2014,NA,NA,NA,NA,NA,NA,NA,NA,NA,NA,NA,NA,NA,NA,NA,NA,NA,NA,NA,NA,NA,NA,NA,NA,NA,NA,NA,NA,NA
CERISANO,CS,2014,NA,NA,NA,NA,NA,NA,NA,NA,NA,NA,NA,NA,NA,NA,NA,NA,NA,NA,NA,NA,NA,NA,NA,NA,NA,NA,NA,NA,NA
SAN MARCELLINO,CE,2014,NA,NA,NA,NA,NA,NA,NA,NA,NA,NA,NA,NA,NA,NA,NA,NA,NA,NA,NA,NA,NA,NA,NA,NA,NA,NA,NA,NA,NA
VIAREGGIO,LU,2014,NA,NA,NA,NA,NA,NA,NA,NA,NA,NA,NA,NA,NA,NA,NA,NA,NA,NA,NA,NA,NA,NA,NA,NA,NA,NA,NA,NA,NA
ARI,CH,2014,NA,NA,NA,NA,NA,NA,NA,NA,NA,NA,NA,NA,NA,NA,NA,NA,NA,NA,NA,NA,NA,NA,NA,NA,NA,NA,NA,NA,NA
CASARANO,LE,2014,NA,NA,NA,NA,NA,NA,NA,NA,NA,NA,NA,NA,NA,NA,NA,NA,NA,NA,NA,NA,NA,NA,NA,NA,NA,NA,NA,NA,NA
POTENZA,PZ,2014,NA,NA,NA,NA,NA,NA,NA,NA,NA,NA,NA,NA,NA,NA,NA,NA,NA,NA,NA,NA,NA,NA,NA,NA,NA,NA,NA,NA,NA
SCORDIA,CT,2014,NA,NA,NA,NA,NA,NA,NA,NA,NA,NA,NA,NA,NA,NA,NA,NA,NA,NA,NA,NA,NA,NA,NA,NA,NA,NA,NA,NA,NA
CHIARAVALLE CENTRALE,CZ,2014,NA,NA,NA,NA,NA,NA,NA,NA,NA,NA,NA,NA,NA,627944,NA,NA,NA,NA,NA,NA,NA,407559,5931217,NA,NA,NA,NA,4895715,NA
SAN NICOLA LA STRADA,CE,2014,NA,NA,NA,NA,NA,NA,NA,NA,NA,NA,NA,NA,NA,NA,NA,NA,NA,NA,NA,NA,NA,NA,NA,NA,NA,NA,NA,NA,NA
LENTINI,SR,2015,NA,NA,NA,NA,NA,NA,NA,NA,NA,NA,NA,NA,NA,NA,NA,NA,NA,NA,NA,NA,NA,NA,NA,NA,NA,NA,NA,NA,NA
GRIMALDI,CS,2015,NA,NA,NA,NA,NA,NA,NA,NA,NA,NA,NA,NA,NA,NA,NA,NA,NA,NA,NA,NA,NA,NA,NA,NA,NA,NA,NA,NA,NA
BROLO,ME,2015,NA,NA,NA,NA,NA,NA,NA,NA,NA,NA,NA,NA,NA,NA,NA,NA,NA,NA,NA,NA,NA,NA,NA,NA,NA,NA,NA,NA,NA
CEFALU',PA,2015,NA,NA,NA,NA,NA,NA,NA,NA,NA,NA,NA,NA,NA,NA,NA,NA,NA,NA,NA,NA,NA,NA,NA,NA,NA,NA,NA,NA,NA
ORTA DI ATELLA,CE,2015,NA,NA,NA,NA,NA,NA,NA,NA,NA,NA,NA,NA,NA,NA,NA,NA,NA,NA,NA,NA,NA,NA,NA,NA,NA,NA,NA,NA,NA
SCALETTA ZANCLEA,ME,2015,NA,NA,NA,NA,NA,NA,NA,NA,NA,NA,NA,NA,NA,NA,NA,NA,NA,NA,NA,NA,NA,NA,NA,NA,NA,NA,NA,NA,NA
MIRABELLA IMBACCARI,CT,2015,NA,NA,NA,NA,NA,NA,NA,NA,NA,NA,NA,NA,NA,NA,NA,NA,NA,NA,NA,NA,NA,NA,NA,NA,NA,NA,NA,NA,NA
RODI GARGANICO,FG,2015,NA,NA,NA,NA,NA,NA,NA,NA,NA,NA,NA,NA,NA,NA,NA,NA,NA,NA,NA,NA,NA,NA,NA,NA,NA,NA,NA,NA,NA
SAN MARCO IN LAMIS,FG,2015,NA,NA,NA,NA,NA,NA,NA,NA,NA,NA,NA,NA,NA,NA,NA,NA,NA,NA,NA,NA,NA,NA,NA,NA,NA,NA,NA,NA,NA
AUGUSTA,SR,2015,NA,NA,NA,NA,NA,NA,NA,NA,NA,NA,NA,NA,NA,NA,NA,NA,NA,NA,NA,NA,NA,NA,NA,NA,NA,NA,NA,NA,NA
CANCELLO ED ARNONE,CE,2015,NA,NA,NA,NA,NA,NA,NA,NA,NA,NA,NA,NA,NA,NA,NA,NA,NA,NA,NA,NA,NA,NA,NA,NA,NA,NA,NA,NA,NA
CIVITELLA MESSER RAIMONDO,CH,2015,NA,NA,NA,NA,NA,NA,NA,NA,NA,NA,NA,NA,NA,NA,NA,NA,NA,NA,NA,NA,NA,NA,NA,NA,NA,NA,NA,NA,NA
QUINDICI,AV,2015,NA,NA,NA,NA,NA,NA,NA,NA,NA,NA,NA,NA,NA,NA,NA,NA,NA,NA,NA,NA,NA,NA,NA,NA,NA,NA,NA,NA,NA
ROCCA DI NETO,KR,2015,NA,NA,NA,NA,NA,NA,NA,NA,NA,NA,NA,NA,NA,NA,NA,NA,NA,NA,NA,NA,NA,NA,NA,NA,NA,NA,NA,NA,NA
CUTRO,KR,2015,NA,NA,NA,NA,NA,NA,NA,NA,NA,NA,NA,NA,NA,NA,NA,NA,NA,NA,NA,NA,NA,NA,NA,NA,NA,NA,NA,NA,NA
CERRETO SANNITA,BN,2015,NA,NA,NA,NA,NA,NA,NA,NA,NA,NA,NA,NA,NA,NA,NA,NA,NA,NA,NA,NA,NA,NA,NA,NA,NA,NA,NA,NA,NA
CIVITALUPARELLA,CH,2015,NA,NA,NA,NA,NA,NA,NA,NA,NA,NA,NA,NA,NA,NA,NA,NA,NA,NA,NA,NA,NA,NA,NA,NA,NA,NA,NA,NA,NA
BARRAFRANCA,EN,2016,NA,NA,NA,NA,NA,NA,NA,NA,NA,NA,NA,NA,NA,NA,NA,NA,NA,NA,NA,NA,NA,NA,NA,NA,NA,NA,NA,NA,NA
OFFAGNA,AN,2016,0,361081,27603,88886,193611,0,0,24761,0,145915,90343,73345,0,NA,0,0,548431,512335,4000,5172,424340,NA,2802481,228671,61351,0,12637,NA,NA
CARINI,PA,2016,0,0,0,0,0,0,0,0,0,0,0,0,0,NA,0,0,0,0,0,0,0,NA,0,0,0,0,0,NA,NA
NOCERA TERINESE,CZ,2016,0,376541,168444,526241,137479,NA,0,0,0,168901,50186,0,0,NA,11830,0,1397494,4705424,0,0,685682,NA,8527451,275144,24085,0,0,NA,NA
CALVI,BN,2016,0,2062393,53508,132763,34262,NA,0,0,0,141567,38504,10871,0,NA,0,0,625049,255037,0,192741,288126,NA,3839944,5124,0,0,0,NA,NA
VILLA LITERNO,CE,2016,0,0,0,0,0,0,0,0,0,0,0,0,0,NA,0,0,0,0,0,0,0,NA,0,0,0,0,0,NA,NA
BOTRICELLO,CZ,2016,0,0,0,0,0,0,0,0,0,0,0,0,0,NA,0,0,0,0,0,0,0,NA,0,0,0,0,0,NA,NA
CASTELTERMINI,AG,2016,NA,NA,NA,NA,NA,NA,NA,NA,NA,NA,NA,NA,NA,NA,NA,NA,NA,NA,NA,NA,NA,NA,NA,NA,NA,NA,NA,NA,NA
BELCASTRO,CZ,2016,0,0,0,0,0,0,0,0,0,0,0,0,0,NA,0,0,0,0,0,0,0,NA,0,0,0,0,0,NA,NA
MUSSOMELI,CL,2016,NA,NA,NA,NA,NA,NA,NA,NA,NA,NA,NA,NA,NA,NA,NA,NA,NA,NA,NA,NA,NA,NA,NA,NA,NA,NA,NA,NA,NA
VILLA DI BRIANO,CE,2016,0,0,0,0,0,0,0,0,0,0,0,0,0,NA,0,0,0,0,0,0,0,NA,0,0,0,0,0,NA,NA
PRATA DI PRINCIPATO ULTRA,AV,2016,0,0,0,0,0,0,0,0,0,0,0,0,0,NA,0,0,0,0,0,0,0,NA,0,0,0,0,0,NA,NA
ACATE,RG,2016,0,0,0,0,0,0,0,0,0,0,0,0,0,NA,0,0,0,0,0,0,0,NA,0,0,0,0,0,NA,NA
MONTECORVINO PUGLIANO,SA,2016,0,8000000,18042956,692709,709740,0,16000,297512,0,1771264,328277,266750,0,NA,0,0,4717989,2665000,20555,46427,9414940,NA,50961329,3943973,732,0,26507,NA,NA
CIRO' MARINA,KR,2016,NA,NA,NA,NA,NA,NA,NA,NA,NA,NA,NA,NA,NA,NA,NA,NA,NA,NA,NA,NA,NA,NA,NA,NA,NA,NA,NA,NA,NA
LAGONEGRO,PZ,2016,18829,4325266,300064,671557,463453,NA,3583,0,317674,369733,351334,551781,0,NA,0,0,1780965,5122903,0,7944,852176,NA,16143697,784828,221608,0,0,NA,NA
CARIATI,CS,2016,0,4940648,9235075,1123300,3977108,4904592,0,0,303145,1591957,741087,95878,0,NA,0,0,9288816,2646372,59706,1359729,10815185,NA,48036221,1359121,47908,0,451186,NA,NA
CALVI RISORTA,CE,2016,0,0,0,0,0,0,0,0,0,0,0,0,0,NA,0,0,0,0,0,0,0,NA,0,0,0,0,0,NA,NA
TORTORICI,ME,2016,0,4562094,88848,477056,174012,NA,0,0,7886,116430,112128,29827,0,NA,0,0,1843738,655344,668,0,540650,NA,8971100,355020,0,0,7400,NA,NA
PORTO EMPEDOCLE,AG,2016,NA,NA,NA,NA,NA,NA,NA,NA,NA,NA,NA,NA,NA,NA,NA,NA,NA,NA,NA,NA,NA,NA,NA,NA,NA,NA,NA,NA,NA
BAGNARA CALABRA,RC,2016,0,0,0,0,0,0,0,0,0,0,0,0,0,NA,0,0,0,0,0,0,0,NA,0,0,0,0,0,NA,NA
MILAZZO,ME,2016,0,0,0,0,0,0,0,0,0,0,0,0,0,NA,0,0,0,0,0,0,0,NA,0,0,0,0,0,NA,NA
SAN LUCIDO,CS,2016,0,0,1464916,265813,542232,NA,0,0,0,255100,246156,23363,0,NA,0,0,1882740,920851,0,0,2440011,NA,8429501,360801,27518,0,0,NA,NA
FAVARA,AG,2016,NA,NA,NA,NA,NA,NA,NA,NA,NA,NA,NA,NA,NA,NA,NA,NA,NA,NA,NA,NA,NA,NA,NA,NA,NA,NA,NA,NA,NA
SAN FELICE A CANCELLO,CE,2016,0,10661762,1359658,523036,2133752,0,0,2198536,18000,1475209,1017053,599524,0,NA,0,0,5698744,6832765,48209,526572,6997060,NA,40999626,906190,0,0,3556,NA,NA
SAN PAOLO DI CIVITATE,FG,2016,2092,2846468,83555,316353,177708,NA,0,7400,0,189968,118233,8710,0,NA,0,0,1197545,1678955,0,380959,820420,NA,7877485,18770,0,2968,27380,NA,NA
MELISSANO,LE,2016,170458,2712418,366367,594285,155081,234462,0,22000,0,1286861,181932,153588,0,NA,0,0,2759695,961029,0,88176,5303761,NA,16742127,1977949,0,0,8528,NA,NA
SAN LORENZO,RC,2016,15156,0,1132622,2199744,325088,77834,2594889,50780,9948,216175,77903,0,0,NA,0,0,1494660,522960,36928,200,2985545,NA,11783897,0,100,0,121200,NA,NA
ACRI,CS,2016,13167,5997596,999352,2485064,1169502,NA,1918,0,947,1079452,445658,42534,0,NA,0,0,5712252,16436896,0,42395,4404512,NA,40406173,1240809,58109,0,276011,NA,NA
BENEVENTO,BN,2017,2673,35957604,3464255,8150760,4461431,NA,0,0,151894,601561,2135975,199393,0,NA,0,0,9559090,65934667,160547,576329,14710969,NA,155014714,8046113,51509,0,849943,NA,NA
MONTEPARANO,TA,2017,0,188709,951,114845,9375,NA,0,0,0,64283,157414,0,0,NA,0,0,477733,362305,0,0,268494,NA,1720036,75928,0,0,0,NA,NA
BADOLATO,CZ,2017,0,0,19901,132833,155672,NA,0,0,1300,131949,33194,2500,0,NA,0,0,1198242,259996,0,38410,165689,NA,2458633,318948,0,0,0,NA,NA
CERDA,PA,2017,NA,NA,NA,NA,NA,NA,NA,NA,NA,NA,NA,NA,NA,NA,NA,NA,NA,NA,NA,NA,NA,NA,NA,NA,NA,NA,NA,NA,NA
CASTELDACCIA,PA,2017,NA,NA,NA,NA,NA,NA,NA,NA,NA,NA,NA,NA,NA,NA,NA,NA,NA,NA,NA,NA,NA,NA,NA,NA,NA,NA,NA,NA,NA
FRAGNETO L'ABATE,BN,2017,NA,NA,NA,NA,NA,NA,NA,NA,NA,NA,NA,NA,NA,NA,NA,NA,NA,NA,NA,NA,NA,NA,NA,NA,NA,NA,NA,NA,NA
BROLO,ME,2017,0,0,0,0,0,0,0,0,0,0,0,0,0,NA,0,0,0,0,0,0,0,NA,0,0,0,0,0,NA,NA
PORTOCANNONE,CB,2017,0,0,0,0,0,0,0,0,0,0,0,0,0,NA,0,0,0,0,0,0,0,NA,0,0,0,0,0,NA,NA
BELLEGRA,RM,2017,0,1447085,1977,281182,84517,NA,0,0,0,78829,103383,0,0,NA,0,0,525724,587000,0,0,503266,NA,3642643,29681,0,0,0,NA,NA
ALIFE,CE,2017,0,0,0,0,0,0,0,0,0,0,0,0,0,NA,0,0,0,0,0,0,0,NA,0,0,0,0,0,NA,NA
MAZZARRA' SANT'ANDREA,ME,2017,NA,NA,NA,NA,NA,NA,NA,NA,NA,NA,NA,NA,NA,NA,NA,NA,NA,NA,NA,NA,NA,NA,NA,NA,NA,NA,NA,NA,NA
SAN CALOGERO,VV,2017,0,65477,88754,352921,25976,NA,0,0,0,151087,83277,0,103365,NA,0,0,927004,367368,0,0,722141,NA,3171815,261929,0,21617,900,NA,NA
CASTEL CAMPAGNANO,CE,2017,0,0,0,0,0,0,0,0,0,0,0,0,0,NA,0,0,0,0,0,0,0,NA,0,0,0,0,0,NA,NA
AMANTEA,CS,2017,0,0,0,0,0,0,0,0,0,0,0,0,0,NA,0,0,0,0,0,0,0,NA,0,0,0,0,0,NA,NA
ARGENTERA,CN,2017,0,0,0,0,0,0,0,0,0,0,0,0,0,NA,0,0,0,0,0,0,0,NA,0,0,0,0,0,NA,NA
LOCRI,RC,2017,1068,0,375149,850407,746466,73053,0,129542,1201552,3571557,520180,45554,0,NA,0,0,8533382,1942338,2084,18824,12492366,NA,34688011,2806240,29354,0,1421948,NA,NA
CORCHIANO,VT,2017,0,0,0,0,0,0,0,0,0,0,0,0,0,NA,0,0,0,0,0,0,0,NA,0,0,0,0,0,NA,NA
GIOIA TAURO,RC,2017,0,0,0,0,0,0,0,0,0,0,0,0,0,NA,0,0,0,0,0,0,0,NA,0,0,0,0,0,NA,NA
PIZZO,VV,2017,0,1900000,1768885,596369,169333,0,0,20000,43832,411531,295947,638884,0,NA,0,0,5713329,22104973,25490,0,11935914,NA,46797193,989487,80229,0,102991,NA,NA
MURO LUCANO,PZ,2017,480198,5500000,2191110,332925,2204964,0,84646,752935,0,1428022,208608,58370,0,NA,0,0,1698121,4531472,0,26563,1085331,NA,21432830,722444,33137,0,93984,NA,NA
AZZANO MELLA,BS,2017,0,0,0,204927,111296,NA,0,0,0,357541,34456,7519,0,NA,0,0,733236,237534,0,0,266235,NA,2022017,64508,0,0,4765,NA,NA
CHIEUTI,FG,2017,0,757835,484174,142205,163609,0,0,0,0,210983,98363,153059,0,NA,0,0,1763458,4413710,8984,516,1833630,NA,10888227,808821,0,0,48880,NA,NA
TAURIANOVA,RC,2017,0,4000000,272325,668369,967134,502183,300000,23000,0,463792,464100,28900,0,NA,0,0,3718406,17432146,84000,72267,2822387,NA,31941408,579282,0,0,45300,NA,NA
SAN MANGO D'AQUINO,CZ,2017,NA,NA,NA,NA,NA,NA,NA,NA,NA,NA,NA,NA,NA,NA,NA,NA,NA,NA,NA,NA,NA,NA,NA,NA,NA,NA,NA,NA,NA
ARDEA,RM,2017,0,145311,197927,1671594,3872234,NA,0,0,0,2933623,1084654,10211,0,NA,0,0,7870232,3115219,22400,383554,9846973,NA,32674394,1449173,39711,0,31577,NA,NA
BOVALINO,RC,2017,0,500000,640369,491183,4314794,199979,0,21000,0,1460884,137510,400000,0,NA,0,0,6316625,3370785,415752,0,10488723,NA,28821404,15006,0,0,248775,NA,NA
CASSARO,SR,2017,0,0,0,0,0,0,0,0,0,0,0,0,0,NA,0,0,0,0,0,0,0,NA,0,0,0,0,0,NA,NA
NICOTERA,VV,2018,0,0,188332,305937,4109,NA,0,0,0,201850,107323,324,0,NA,0,0,1121538,528027,263,0,1154135,NA,3611837,0,0,0,0,NA,NA
SOMMATINO,CL,2018,NA,NA,NA,NA,NA,NA,NA,NA,NA,NA,NA,NA,NA,NA,NA,NA,NA,NA,NA,NA,NA,NA,NA,NA,NA,NA,NA,NA,NA
TERNI,TR,2018,277,76726253,2304675,11468892,8063608,NA,0,0,37367,6806941,4159436,924384,0,NA,0,0,26169002,33144851,960726,771887,23466082,NA,205469060,6809588,411329,681215,2562549,NA,NA
RIACE,RC,2018,0,0,0,0,0,0,0,0,0,0,0,0,0,NA,0,0,0,0,0,0,0,NA,0,0,0,0,0,NA,NA
BORGETTO,PA,2018,NA,NA,NA,NA,NA,NA,NA,NA,NA,NA,NA,NA,NA,NA,NA,NA,NA,NA,NA,NA,NA,NA,NA,NA,NA,NA,NA,NA,NA
PIGNATARO INTERAMNA,FR,2018,0,0,0,0,0,0,0,0,0,0,0,0,0,NA,0,0,0,0,0,0,0,NA,0,0,0,0,0,NA,NA
MONREALE,PA,2018,0,0,0,0,0,0,0,0,0,0,0,0,0,NA,0,0,0,0,0,0,0,NA,0,0,0,0,0,NA,NA
MONTE PORZIO CATONE,RM,2018,0,0,0,0,0,0,0,0,0,0,0,0,0,NA,0,0,0,0,0,0,0,NA,0,0,0,0,0,NA,NA
ZAGARISE,CZ,2018,0,0,0,0,0,0,0,0,0,0,0,0,0,NA,0,0,0,0,0,0,0,NA,0,0,0,0,0,NA,NA
MANDATORICCIO,CS,2018,0,0,0,0,0,0,0,0,0,0,0,0,0,NA,0,0,0,0,0,0,0,NA,0,0,0,0,0,NA,NA
CASERTA,CE,2018,0,0,0,0,0,0,0,0,0,0,0,0,0,NA,0,0,0,0,0,0,0,NA,0,0,0,0,0,NA,NA
VIZZINI,CT,2018,NA,NA,NA,NA,NA,NA,NA,NA,NA,NA,NA,NA,NA,NA,NA,NA,NA,NA,NA,NA,NA,NA,NA,NA,NA,NA,NA,NA,NA
ARAGONA,AG,2018,NA,NA,NA,NA,NA,NA,NA,NA,NA,NA,NA,NA,NA,NA,NA,NA,NA,NA,NA,NA,NA,NA,NA,NA,NA,NA,NA,NA,NA
CAULONIA,RC,2018,0,6471786,358713,393261,1724993,NA,0,0,0,251883,279042,4997,0,NA,0,0,2186708,3073711,0,5762,1342112,NA,16360477,0,0,0,267509,NA,NA
BOLOGNETTA,PA,2018,NA,NA,NA,NA,NA,NA,NA,NA,NA,NA,NA,NA,NA,NA,NA,NA,NA,NA,NA,NA,NA,NA,NA,NA,NA,NA,NA,NA,NA
CARDETO,RC,2018,0,0,0,0,0,0,0,0,0,0,0,0,0,NA,0,0,0,0,0,0,0,NA,0,0,0,0,0,NA,NA
CAMPIONE D'ITALIA,CO,2018,NA,NA,NA,NA,NA,NA,NA,NA,NA,NA,NA,NA,NA,NA,NA,NA,NA,NA,NA,NA,NA,NA,NA,NA,NA,NA,NA,NA,NA
CASSINO,FR,2018,951,0,1048408,1872980,4794284,NA,0,0,131583,1753392,985704,51966,0,NA,0,0,7508537,3340520,69569,253105,6927092,NA,32123656,3084548,0,0,301019,NA,NA
SAN LORENZO DEL VALLO,CS,2018,0,1481838,30928,392065,34244,NA,0,0,0,100253,173967,4811,0,NA,0,0,636408,1271249,0,0,488024,NA,4695112,64511,0,0,16815,NA,NA
GIARRE,CT,2018,NA,NA,NA,NA,NA,NA,NA,NA,NA,NA,NA,NA,NA,NA,NA,NA,NA,NA,NA,NA,NA,NA,NA,NA,NA,NA,NA,NA,NA
CANCELLO ED ARNONE,CE,2018,0,268324,22226,1922332,50388,NA,0,0,0,247782,399346,17926,0,NA,0,0,938182,472093,0,0,759647,NA,5649241,397983,153013,0,0,NA,NA
SANTA MARINELLA,RM,2018,0,0,0,0,0,0,0,0,0,0,0,0,0,NA,0,0,0,0,0,0,0,NA,0,0,0,0,0,NA,NA
CAROLEI,CS,2018,0,550109,6590,108244,366601,0,27566,289490,0,334070,93764,27111,0,NA,0,0,1683425,1443048,0,133,2313817,NA,7982034,732058,0,0,6008,NA,NA
BOJANO,CB,2018,0,0,0,0,0,0,0,0,0,0,0,0,0,NA,0,0,0,0,0,0,0,NA,0,0,0,0,0,NA,NA
MONTEMILETTO,AV,2018,0,822120,2428059,225147,745534,25673,0,63335,0,736600,195916,631181,0,NA,0,0,2086825,11177425,4907,438787,4336345,NA,25939995,1623604,283845,0,140367,NA,NA
PARTINICO,PA,2018,0,0,0,0,0,0,0,0,0,0,0,0,0,NA,0,0,0,0,0,0,0,NA,0,0,0,0,0,NA,NA
CATANIA,CT,2018,5968,452718273,25777582,47228407,105190771,19098051,3209333,2325346,3477198,52676727,30641480,12192552,3637,NA,0,479698,203684778,797482677,1258440,7393154,180779869,NA,2133130381,176989761,749017,1377915,27487797,NA,NA
PIEDIMONTE MATESE,CE,2019,0,0,0,0,0,0,0,0,0,0,0,0,0,NA,0,0,0,0,0,0,0,NA,0,0,0,0,0,NA,NA
SANT'AGATA DE' GOTI,BN,2019,NA,NA,NA,NA,NA,NA,NA,NA,NA,NA,NA,NA,NA,NA,NA,NA,NA,NA,NA,NA,NA,NA,NA,NA,NA,NA,NA,NA,NA
MAGLIANO ROMANO,RM,2019,0,1575252,1261585,56217,128440,0,0,0,0,116874,50086,8160,0,NA,0,0,381347,832293,0,0,206624,NA,4627497,7120,0,0,3500,NA,NA
CASTELVETRANO,TP,2019,0,0,0,0,0,0,0,0,0,0,0,0,0,NA,0,0,0,0,0,0,0,NA,0,0,0,0,0,NA,NA
SAN FRATELLO,ME,2019,0,0,0,0,0,0,0,0,0,0,0,0,0,NA,0,0,0,0,0,0,0,NA,0,0,0,0,0,NA,NA
FRATTE ROSA,PU,2019,NA,NA,NA,NA,NA,NA,NA,NA,NA,NA,NA,NA,NA,NA,NA,NA,NA,NA,NA,NA,NA,NA,NA,NA,NA,NA,NA,NA,NA
MOTTA SAN GIOVANNI,RC,2019,0,0,0,0,0,0,0,0,0,0,0,0,0,NA,0,0,0,0,0,0,0,NA,0,0,0,0,0,NA,NA
CRUCOLI,KR,2019,0,0,0,0,0,0,0,0,0,0,0,0,0,NA,0,0,0,0,0,0,0,NA,0,0,0,0,0,NA,NA
LAVAGNA,GE,2019,nan,5000,474400,2550072,1481307,1113142,nan,3490572,0,1288029,882234,141206,3000,NA,0,0,4925661,3090664,12500,nan,7642245,NA,26841597,565685,105500,22000,161523,NA,NA
SANT'ARPINO,CE,2019,NA,NA,NA,NA,NA,NA,NA,NA,NA,NA,NA,NA,NA,NA,NA,NA,NA,NA,NA,NA,NA,NA,NA,NA,NA,NA,NA,NA,NA
RANDAZZO,CT,2019,0,0,0,0,0,0,0,0,0,0,0,0,0,NA,0,0,0,0,0,0,0,NA,0,0,0,0,0,NA,NA
DINAMI,VV,2019,0,429852,115621,127880,55578,NA,0,0,0,383490,20813,0,0,NA,0,0,412738,177254,0,0,345872,NA,2072037,0,0,0,2941,NA,NA
CASTROVILLARI,CS,2019,4800,20500000,4760385,2693356,11397591,1150130,28992,nan,2533944,3353748,852708,641823,0,NA,0,0,12857794,36896006,27687,253471,15500451,NA,117725682,4864544,173835,0,384546,NA,NA
MARINEO,PA,2019,NA,NA,NA,NA,NA,NA,NA,NA,NA,NA,NA,NA,NA,NA,NA,NA,NA,NA,NA,NA,NA,NA,NA,NA,NA,NA,NA,NA,NA
SAN LORENZO MAGGIORE,BN,2019,0,419338,3535828,298757,192843,42218,1266404,38692,0,804751,220846,368625,0,NA,0,0,1504842,855649,0,0,598465,NA,13378958,3226597,40000,0,7320,NA,NA
CERCHIARA DI CALABRIA,CS,2019,0,0,0,0,0,0,0,0,0,0,0,0,0,NA,0,0,0,0,0,0,0,NA,0,0,0,0,0,NA,NA
PAOLISI,BN,2019,NA,NA,NA,NA,NA,NA,NA,NA,NA,NA,NA,NA,NA,NA,NA,NA,NA,NA,NA,NA,NA,NA,NA,NA,NA,NA,NA,NA,NA
PACHINO,SR,2019,NA,NA,NA,NA,NA,NA,NA,NA,NA,NA,NA,NA,NA,NA,NA,NA,NA,NA,NA,NA,NA,NA,NA,NA,NA,NA,NA,NA,NA
BRIATICO,VV,2019,0,0,217426,754062,1693,NA,0,0,0,10667,106533,0,0,NA,0,0,699233,2062274,0,0,964105,NA,4829385,0,13393,0,0,NA,NA
PAGANI,SA,2019,0,4800000,1069108,1349405,12372759,1185500,0,150000,0,13907618,1931604,1489265,116442,NA,0,0,9442151,25041422,50553,472845,28764747,NA,108895322,7439179,380354,9676,108193,NA,NA
ROSOLINI,SR,2019,NA,NA,NA,NA,NA,NA,NA,NA,NA,NA,NA,NA,NA,NA,NA,NA,NA,NA,NA,NA,NA,NA,NA,NA,NA,NA,NA,NA,NA
BELVEDERE MARITTIMO,CS,2019,0,6783232,3389194,402899,564301,138387,2461807,1680349,154572,731438,1428415,54529,0,NA,0,0,2901522,6555276,166610,8749,8636024,NA,45887726,9182152,117706,591,668362,NA,NA
LUCERA,FG,2019,47448,20234886,0,1812015,3210035,NA,667594,0,0,715392,848488,3694,0,NA,0,0,9615511,5472096,518145,247636,6696115,NA,51586570,1205461,1672,0,290381,NA,NA
COSENZA,CS,2019,0,26612778,4871666,32269167,15992916,3373197,0,1500000,1544948,8013393,6958751,4132906,26000,NA,25549,0,44250363,51740075,1231001,870040,59237323,NA,274093405,7098984,250400,0,7467145,NA,NA
PORTICO DI CASERTA,CE,2019,0,4040000,2757274,243953,519125,194269,0,170498,0,4432122,251648,21964,0,NA,0,0,1751900,104052376,0,0,3465833,NA,126550537,840935,0,0,4002908,NA,NA
MASSAROSA,LU,2019,nan,20000000,11859463,2649325,2973218,342280,41650,2115918,0,5641201,1186975,1154534,0,NA,0,0,5837281,4703000,169580,158704,5622527,NA,65029513,797889,34342,0,83906,NA,NA
MOROLO,FR,2019,0,2188621,64765,242282,280790,NA,0,0,0,189664,76453,6608,0,NA,0,0,671800,1030212,6198,0,257153,NA,5296634,234239,0,0,47848,NA,NA
CONDOFURI,RC,2019,250000,7654683,1159426,451146,1414118,8166,13482,25000,0,1208373,2110,539345,0,NA,0,0,1868101,3427378,6000,220000,3442947,NA,23111024,1067121,0,0,361793,NA,NA
SCANNO,AQ,2019,0,2005000,48931,450670,652189,35568,0,201223,0,345307,79945,48409,0,NA,0,0,3388074,419158,5000,750,2839995,NA,15064442,744738,1903318,7227,1924507,NA,NA
RIESI,CL,2019,NA,NA,NA,NA,NA,NA,NA,NA,NA,NA,NA,NA,NA,NA,NA,NA,NA,NA,NA,NA,NA,NA,NA,NA,NA,NA,NA,NA,NA
CARAFFA DI CATANZARO,CZ,2020,11118,0,22295,118210,33161,NA,0,0,0,60516,169001,14041,0,NA,0,0,652099,3475906,1000,41,537489,NA,5316628,209882,0,0,11868,NA,NA
FICARAZZI,PA,2020,NA,NA,NA,NA,NA,NA,NA,NA,NA,NA,NA,NA,NA,NA,NA,NA,NA,NA,NA,NA,NA,NA,NA,NA,NA,NA,NA,NA,NA
MELITO DI PORTO SALVO,RC,2020,21759,7000000,1691780,1741407,2669290,0,0,0,27,495649,500246,17906,5082,NA,0,0,4272402,4932471,0,43781,9479870,NA,32996390,0,92524,0,32198,NA,NA
PALOMBARO,CH,2020,0,198673,5857,99378,29741,NA,36981,0,0,31817,3631,7153,0,NA,0,0,242003,1432457,2034,27359,63227,NA,2418339,232206,0,4196,1624,NA,NA
PIAZZA ARMERINA,EN,2020,NA,NA,NA,NA,NA,NA,NA,NA,NA,NA,NA,NA,NA,NA,NA,NA,NA,NA,NA,NA,NA,NA,NA,NA,NA,NA,NA,NA,NA
BELMONTE MEZZAGNO,PA,2020,NA,NA,NA,NA,NA,NA,NA,NA,NA,NA,NA,NA,NA,NA,NA,NA,NA,NA,NA,NA,NA,NA,NA,NA,NA,NA,NA,NA,NA
FERRUZZANO,RC,2020,NA,NA,NA,NA,NA,NA,NA,NA,NA,NA,NA,NA,NA,NA,NA,NA,NA,NA,NA,NA,NA,NA,NA,NA,NA,NA,NA,NA,NA
TURSI,MT,2020,0,4000000,4474570,130700,580668,0,0,0,0,2668896,410339,123938,24549,NA,0,0,2043706,17967759,228944,23702,3293707,NA,37444392,1057045,0,0,415871,NA,NA
FOPPOLO,BG,2020,0,793647,3693597,2003747,36203,0,0,13500,0,34617,8600,90290,0,NA,0,0,527962,3164809,556,25850,364169,NA,12060371,1226320,75003,1500,0,NA,NA
VALLE DI MADDALONI,CE,2020,0,280016,278981,205125,81621,NA,nan,nan,nan,102010,64227,16648,0,NA,0,0,696356,366313,0,nan,872809,NA,3102508,134016,3386,nan,1000,NA,NA
PALIZZI,RC,2020,0,0,0,0,0,0,0,0,0,0,0,0,0,NA,0,0,0,0,0,0,0,NA,0,0,0,0,0,NA,NA
LEONFORTE,EN,2020,NA,NA,NA,NA,NA,NA,NA,NA,NA,NA,NA,NA,NA,NA,NA,NA,NA,NA,NA,NA,NA,NA,NA,NA,NA,NA,NA,NA,NA
POGGIO NATIVO,RI,2020,NA,NA,NA,NA,NA,NA,NA,NA,NA,NA,NA,NA,NA,NA,NA,NA,NA,NA,NA,NA,NA,NA,NA,NA,NA,NA,NA,NA,NA
BUSCEMI,SR,2020,NA,NA,NA,NA,NA,NA,NA,NA,NA,NA,NA,NA,NA,NA,NA,NA,NA,NA,NA,NA,NA,NA,NA,NA,NA,NA,NA,NA,NA
DRAGONI,CE,2020,0,0,0,0,0,0,0,0,0,0,0,0,0,NA,0,0,0,0,0,0,0,NA,0,0,0,0,0,NA,NA
GRUMO APPULA,BA,2020,167096,0,243244,72951,3557310,91960,0,0,0,430290,295717,143924,0,NA,0,0,2307693,1438833,0,8108,2240366,NA,11794879,551055,6409,0,331885,NA,NA
PIETRASTORNINA,AV,2020,NA,NA,NA,NA,NA,NA,NA,NA,NA,NA,NA,NA,NA,NA,NA,NA,NA,NA,NA,NA,NA,NA,NA,NA,NA,NA,NA,NA,NA
ARPINO,FR,2020,0,0,0,0,0,0,0,0,0,0,0,0,0,NA,0,0,0,0,0,0,0,NA,0,0,0,0,0,NA,NA
BRANCALEONE,RC,2020,0,4875194,3768270,252325,791089,182928,0,0,0,127380,158189,24925,0,NA,0,0,2643969,11080372,107573,0,3677094,NA,27909159,401000,1000,0,780,NA,NA
ALTILIA,CS,2020,0,1127516,226840,46871,132803,NA,25522,nan,0,34123,22726,4811,0,NA,0,0,814823,2488275,0,85626,270229,NA,5731895,35828,0,0,415902,NA,NA
SANTA DOMENICA VITTORIA,ME,2020,NA,NA,NA,NA,NA,NA,NA,NA,NA,NA,NA,NA,NA,NA,NA,NA,NA,NA,NA,NA,NA,NA,NA,NA,NA,NA,NA,NA,NA
BENESTARE,RC,2020,0,502000,405832,188197,2172655,20925,0,0,0,210498,76529,59609,0,NA,0,0,2179671,2701114,5416,143406,5613434,NA,14351817,0,0,0,93455,NA,NA
AIDONE,EN,2020,NA,NA,NA,NA,NA,NA,NA,NA,NA,NA,NA,NA,NA,NA,NA,NA,NA,NA,NA,NA,NA,NA,NA,NA,NA,NA,NA,NA,NA
ISPICA,RG,2020,NA,NA,NA,NA,NA,NA,NA,NA,NA,NA,NA,NA,NA,NA,NA,NA,NA,NA,NA,NA,NA,NA,NA,NA,NA,NA,NA,NA,NA
TRABIA,PA,2020,NA,NA,NA,NA,NA,NA,NA,NA,NA,NA,NA,NA,NA,NA,NA,NA,NA,NA,NA,NA,NA,NA,NA,NA,NA,NA,NA,NA,NA
ACQUAPPESA,CS,2021,NA,NA,NA,NA,NA,NA,NA,NA,NA,NA,NA,NA,NA,NA,NA,NA,NA,NA,NA,NA,NA,NA,NA,NA,NA,NA,NA,NA,NA
SANT'AGATA DI ESARO,CS,2021,NA,NA,NA,NA,NA,NA,NA,NA,NA,NA,NA,NA,NA,NA,NA,NA,NA,NA,NA,NA,NA,NA,NA,NA,NA,NA,NA,NA,NA
MANIACE,CT,2021,NA,NA,NA,NA,NA,NA,NA,NA,NA,NA,NA,NA,NA,NA,NA,NA,NA,NA,NA,NA,NA,NA,NA,NA,NA,NA,NA,NA,NA
DECOLLATURA,CZ,2021,0,500000,1608701,205382,832507,9345,2250,163814,0,1121831,250,156644,0,NA,0,0,1501165,783156,19980,113093,2060723,NA,9334941,257446,0,0,8000,NA,NA
MILITELLO ROSMARINO,ME,2021,NA,NA,NA,NA,NA,NA,NA,NA,NA,NA,NA,NA,NA,NA,NA,NA,NA,NA,NA,NA,NA,NA,NA,NA,NA,NA,NA,NA,NA
MONGIARDINO LIGURE,AL,2021,0,nan,53584,16007,2456,NA,0,nan,0,608,0,0,0,NA,0,0,92369,65093,0,nan,25,NA,330343,100201,0,0,0,NA,NA
BISIGNANO,CS,2021,0,8257663,176635,745387,966726,NA,430395,1500,0,939813,233689,10734,8791,NA,108903,0,2745806,12585079,32164,45454,2658893,NA,31517525,178799,0,36320,1354773,NA,NA
TAORMINA,ME,2021,NA,NA,NA,NA,NA,NA,NA,NA,NA,NA,NA,NA,NA,NA,NA,NA,NA,NA,NA,NA,NA,NA,NA,NA,NA,NA,NA,NA,NA
SERRA SAN BRUNO,VV,2021,NA,NA,NA,NA,NA,NA,NA,NA,NA,NA,NA,NA,NA,NA,NA,NA,NA,NA,NA,NA,NA,NA,NA,NA,NA,NA,NA,NA,NA
AMOROSI,BN,2021,0,2512728,49217,158434,173819,NA,nan,nan,0,650187,397735,68923,nan,NA,0,0,823891,4147070,103,21861,811793,NA,10032827,212271,nan,0,4793,NA,NA
TORA E PICCILLI,CE,2021,NA,NA,NA,NA,NA,NA,NA,NA,NA,NA,NA,NA,NA,NA,NA,NA,NA,NA,NA,NA,NA,NA,NA,NA,NA,NA,NA,NA,NA
BARRAFRANCA,EN,2021,NA,NA,NA,NA,NA,NA,NA,NA,NA,NA,NA,NA,NA,NA,NA,NA,NA,NA,NA,NA,NA,NA,NA,NA,NA,NA,NA,NA,NA
FLORIDIA,SR,2021,NA,NA,NA,NA,NA,NA,NA,NA,NA,NA,NA,NA,NA,NA,NA,NA,NA,NA,NA,NA,NA,NA,NA,NA,NA,NA,NA,NA,NA
CASIGNANA,RC,2021,NA,NA,NA,NA,NA,NA,NA,NA,NA,NA,NA,NA,NA,NA,NA,NA,NA,NA,NA,NA,NA,NA,NA,NA,NA,NA,NA,NA,NA
LUOGOSANO,AV,2021,NA,NA,NA,NA,NA,NA,NA,NA,NA,NA,NA,NA,NA,NA,NA,NA,NA,NA,NA,NA,NA,NA,NA,NA,NA,NA,NA,NA,NA
SOVERIA MANNELLI,CZ,2021,NA,NA,NA,NA,NA,NA,NA,NA,NA,NA,NA,NA,NA,NA,NA,NA,NA,NA,NA,NA,NA,NA,NA,NA,NA,NA,NA,NA,NA
GUARDIAGRELE,CH,2021,0,10000000,4152532,397785,7034083,0,18021,40000,15000,8141858,656368,831782,0,NA,0,0,3147595,21942125,11224,560568,3576201,NA,64255664,1045747,2062778,0,621997,NA,NA
VILLA SAN GIOVANNI,RC,2021,NA,NA,NA,NA,NA,NA,NA,NA,NA,NA,NA,NA,NA,NA,NA,NA,NA,NA,NA,NA,NA,NA,NA,NA,NA,NA,NA,NA,NA
FIUMEFREDDO DI SICILIA,CT,2021,103,5000000,4412366,1685028,1076540,457747,92882,0,0,684367,413263,58511,0,NA,0,0,5159640,14577939,7129,52769,3250702,NA,36529541,9502,2453,0,46346,NA,NA
PALAGONIA,CT,2021,NA,NA,NA,NA,NA,NA,NA,NA,NA,NA,NA,NA,NA,NA,NA,NA,NA,NA,NA,NA,NA,NA,NA,NA,NA,NA,NA,NA,NA
ITALA,ME,2021,NA,NA,NA,NA,NA,NA,NA,NA,NA,NA,NA,NA,NA,NA,NA,NA,NA,NA,NA,NA,NA,NA,NA,NA,NA,NA,NA,NA,NA
NARO,AG,2022,NA,NA,NA,NA,NA,NA,NA,NA,NA,NA,NA,NA,NA,NA,NA,NA,NA,NA,NA,NA,NA,NA,NA,NA,NA,NA,NA,NA,NA
FRASCATI,RM,2022,NA,NA,NA,NA,NA,NA,NA,NA,NA,NA,NA,NA,NA,NA,NA,NA,NA,NA,NA,NA,NA,NA,NA,NA,NA,NA,NA,NA,NA
CANICATTI',AG,2022,NA,NA,NA,NA,NA,NA,NA,NA,NA,NA,NA,NA,NA,NA,NA,NA,NA,NA,NA,NA,NA,NA,NA,NA,NA,NA,NA,NA,NA
CALATABIANO,CT,2022,NA,NA,NA,NA,NA,NA,NA,NA,NA,NA,NA,NA,NA,NA,NA,NA,NA,NA,NA,NA,NA,NA,NA,NA,NA,NA,NA,NA,NA
CROSIA,CS,2022,NA,NA,NA,NA,NA,NA,NA,NA,NA,NA,NA,NA,NA,NA,NA,NA,NA,NA,NA,NA,NA,NA,NA,NA,NA,NA,NA,NA,NA
CALTAGIRONE,CT,2022,NA,NA,NA,NA,NA,NA,NA,NA,NA,NA,NA,NA,NA,NA,NA,NA,NA,NA,NA,NA,NA,NA,NA,NA,NA,NA,NA,NA,NA
AMENDOLARA,CS,2022,NA,NA,NA,NA,NA,NA,NA,NA,NA,NA,NA,NA,NA,NA,NA,NA,NA,NA,NA,NA,NA,NA,NA,NA,NA,NA,NA,NA,NA
BOLOGNANO,PE,2022,NA,NA,NA,NA,NA,NA,NA,NA,NA,NA,NA,NA,NA,NA,NA,NA,NA,NA,NA,NA,NA,NA,NA,NA,NA,NA,NA,NA,NA
TORTORICI,ME,2022,NA,NA,NA,NA,NA,NA,NA,NA,NA,NA,NA,NA,NA,NA,NA,NA,NA,NA,NA,NA,NA,NA,NA,NA,NA,NA,NA,NA,NA
CARINOLA,CE,2022,NA,NA,NA,NA,NA,NA,NA,NA,NA,NA,NA,NA,NA,NA,NA,NA,NA,NA,NA,NA,NA,NA,NA,NA,NA,NA,NA,NA,NA
JOPPOLO,VV,2022,NA,NA,NA,NA,NA,NA,NA,NA,NA,NA,NA,NA,NA,NA,NA,NA,NA,NA,NA,NA,NA,NA,NA,NA,NA,NA,NA,NA,NA
PEDARA,CT,2022,NA,NA,NA,NA,NA,NA,NA,NA,NA,NA,NA,NA,NA,NA,NA,NA,NA,NA,NA,NA,NA,NA,NA,NA,NA,NA,NA,NA,NA
FRIGNANO,CE,2022,NA,NA,NA,NA,NA,NA,NA,NA,NA,NA,NA,NA,NA,NA,NA,NA,NA,NA,NA,NA,NA,NA,NA,NA,NA,NA,NA,NA,NA
CERETTO LOMELLINA,PV,2022,0,127982,517,1852,59181,16148,30000,1800,0,50,6448,0,0,NA,0,0,619297,228007,0,0,39560,NA,1157048,41440,0,500,414,NA,NA
CASACANDITELLA,CH,2022,NA,NA,NA,NA,NA,NA,NA,NA,NA,NA,NA,NA,NA,NA,NA,NA,NA,NA,NA,NA,NA,NA,NA,NA,NA,NA,NA,NA,NA
GUALTIERI SICAMINO',ME,2022,NA,NA,NA,NA,NA,NA,NA,NA,NA,NA,NA,NA,NA,NA,NA,NA,NA,NA,NA,NA,NA,NA,NA,NA,NA,NA,NA,NA,NA
MALVAGNA,ME,2022,NA,NA,NA,NA,NA,NA,NA,NA,NA,NA,NA,NA,NA,NA,NA,NA,NA,NA,NA,NA,NA,NA,NA,NA,NA,NA,NA,NA,NA
SAN DANIELE PO,CR,2022,935,1200000,1599764,221000,455785,59748,4758,7500,0,158125,81264,21448,0,NA,0,0,526732,402775,56372,0,250299,NA,5467206,422675,17644,1765,38364,NA,NA
NOTO,SR,2022,NA,NA,NA,NA,NA,NA,NA,NA,NA,NA,NA,NA,NA,NA,NA,NA,NA,NA,NA,NA,NA,NA,NA,NA,NA,NA,NA,NA,NA
SANTO STEFANO ROERO,CN,2022,0,379200,181181,165763,110954,20900,0,9500,0,342016,0,38411,0,NA,0,0,1105548,1106460,4649,20757,279620,NA,5886174,1925309,200607,0,16200,NA,NA
PIZZONE,IS,2022,0,500000,4961946,75706,193056,178888,0,370958,0,4696,41774,1083390,0,NA,10705,15000,1108717,2160694,788,111422,237499,NA,12194944,208933,4598,5575,1099487,NA,NA
PIETRADEFUSI,AV,2022,0,602000,4996032,269818,107110,6585,0,560685,0,239835,103310,175229,0,NA,0,0,880190,6924907,982352,1033,2353181,NA,20713553,2338476,0,7087,172309,NA,NA
GRANITI,ME,2022,NA,NA,NA,NA,NA,NA,NA,NA,NA,NA,NA,NA,NA,NA,NA,NA,NA,NA,NA,NA,NA,NA,NA,NA,NA,NA,NA,NA,NA
PAOLISI,BN,2022,NA,NA,NA,NA,NA,NA,NA,NA,NA,NA,NA,NA,NA,NA,NA,NA,NA,NA,NA,NA,NA,NA,NA,NA,NA,NA,NA,NA,NA
GROTTERIA,RC,2023,NA,NA,NA,NA,NA,NA,NA,NA,NA,NA,NA,NA,NA,NA,NA,NA,NA,NA,NA,NA,NA,NA,NA,NA,NA,NA,NA,NA,NA
SANTA VENERINA,CT,2023,NA,NA,NA,NA,NA,NA,NA,NA,NA,NA,NA,NA,NA,NA,NA,NA,NA,NA,NA,NA,NA,NA,NA,NA,NA,NA,NA,NA,NA
SANT'ANGELO A FASANELLA,SA,2023,NA,NA,NA,NA,NA,NA,NA,NA,NA,NA,NA,NA,NA,NA,NA,NA,NA,NA,NA,NA,NA,NA,NA,NA,NA,NA,NA,NA,NA
NISCEMI,CL,2023,NA,NA,NA,NA,NA,NA,NA,NA,NA,NA,NA,NA,NA,NA,NA,NA,NA,NA,NA,NA,NA,NA,NA,NA,NA,NA,NA,NA,NA
ISOLA DELLE FEMMINE,PA,2023,NA,NA,NA,NA,NA,NA,NA,NA,NA,NA,NA,NA,NA,NA,NA,NA,NA,NA,NA,NA,NA,NA,NA,NA,NA,NA,NA,NA,NA
PETROSINO,TP,2023,NA,NA,NA,NA,NA,NA,NA,NA,NA,NA,NA,NA,NA,NA,NA,NA,NA,NA,NA,NA,NA,NA,NA,NA,NA,NA,NA,NA,NA
GIOIA SANNITICA,CE,2023,NA,NA,NA,NA,NA,NA,NA,NA,NA,NA,NA,NA,NA,NA,NA,NA,NA,NA,NA,NA,NA,NA,NA,NA,NA,NA,NA,NA,NA
USTICA,PA,2023,NA,NA,NA,NA,NA,NA,NA,NA,NA,NA,NA,NA,NA,NA,NA,NA,NA,NA,NA,NA,NA,NA,NA,NA,NA,NA,NA,NA,NA
MONTELANICO,RM,2023,NA,NA,NA,NA,NA,NA,NA,NA,NA,NA,NA,NA,NA,NA,NA,NA,NA,NA,NA,NA,NA,NA,NA,NA,NA,NA,NA,NA,NA
OLIVERI,ME,2023,NA,NA,NA,NA,NA,NA,NA,NA,NA,NA,NA,NA,NA,NA,NA,NA,NA,NA,NA,NA,NA,NA,NA,NA,NA,NA,NA,NA,NA
MAZZARINO,CL,2023,NA,NA,NA,NA,NA,NA,NA,NA,NA,NA,NA,NA,NA,NA,NA,NA,NA,NA,NA,NA,NA,NA,NA,NA,NA,NA,NA,NA,NA
CHIETI,CH,2023,NA,NA,NA,NA,NA,NA,NA,NA,NA,NA,NA,NA,NA,NA,NA,NA,NA,NA,NA,NA,NA,NA,NA,NA,NA,NA,NA,NA,NA
PIETRAPAOLA,CS,2023,NA,NA,NA,NA,NA,NA,NA,NA,NA,NA,NA,NA,NA,NA,NA,NA,NA,NA,NA,NA,NA,NA,NA,NA,NA,NA,NA,NA,NA
TORRICE,FR,2023,NA,NA,NA,NA,NA,NA,NA,NA,NA,NA,NA,NA,NA,NA,NA,NA,NA,NA,NA,NA,NA,NA,NA,NA,NA,NA,NA,NA,NA
PIETRADEFUSI,AV,2023,NA,NA,NA,NA,NA,NA,NA,NA,NA,NA,NA,NA,NA,NA,NA,NA,NA,NA,NA,NA,NA,NA,NA,NA,NA,NA,NA,NA,NA
CACCAMO,PA,2023,NA,NA,NA,NA,NA,NA,NA,NA,NA,NA,NA,NA,NA,NA,NA,NA,NA,NA,NA,NA,NA,NA,NA,NA,NA,NA,NA,NA,NA
ORTA DI ATELLA,CE,2023,NA,NA,NA,NA,NA,NA,NA,NA,NA,NA,NA,NA,NA,NA,NA,NA,NA,NA,NA,NA,NA,NA,NA,NA,NA,NA,NA,NA,NA
CHIARAMONTE GULFI,RG,2023,NA,NA,NA,NA,NA,NA,NA,NA,NA,NA,NA,NA,NA,NA,NA,NA,NA,NA,NA,NA,NA,NA,NA,NA,NA,NA,NA,NA,NA
ACI CATENA,CT,2023,NA,NA,NA,NA,NA,NA,NA,NA,NA,NA,NA,NA,NA,NA,NA,NA,NA,NA,NA,NA,NA,NA,NA,NA,NA,NA,NA,NA,NA
MOIO ALCANTARA,ME,2023,NA,NA,NA,NA,NA,NA,NA,NA,NA,NA,NA,NA,NA,NA,NA,NA,NA,NA,NA,NA,NA,NA,NA,NA,NA,NA,NA,NA,NA
MILO,CT,2023,NA,NA,NA,NA,NA,NA,NA,NA,NA,NA,NA,NA,NA,NA,NA,NA,NA,NA,NA,NA,NA,NA,NA,NA,NA,NA,NA,NA,NA
GELA,CL,2023,NA,NA,NA,NA,NA,NA,NA,NA,NA,NA,NA,NA,NA,NA,NA,NA,NA,NA,NA,NA,NA,NA,NA,NA,NA,NA,NA,NA,NA
BASSIANO,LT,2023,NA,NA,NA,NA,NA,NA,NA,NA,NA,NA,NA,NA,NA,NA,NA,NA,NA,NA,NA,NA,NA,NA,NA,NA,NA,NA,NA,NA,NA
BARCELLONA POZZO DI GOTTO,ME,2023,NA,NA,NA,NA,NA,NA,NA,NA,NA,NA,NA,NA,NA,NA,NA,NA,NA,NA,NA,NA,NA,NA,NA,NA,NA,NA,NA,NA,NA
GENAZZANO,RM,2023,NA,NA,NA,NA,NA,NA,NA,NA,NA,NA,NA,NA,NA,NA,NA,NA,NA,NA,NA,NA,NA,NA,NA,NA,NA,NA,NA,NA,NA
SANT'ALFIO,CT,2023,NA,NA,NA,NA,NA,NA,NA,NA,NA,NA,NA,NA,NA,NA,NA,NA,NA,NA,NA,NA,NA,NA,NA,NA,NA,NA,NA,NA,NA
CAMASTRA,AG,2023,NA,NA,NA,NA,NA,NA,NA,NA,NA,NA,NA,NA,NA,NA,NA,NA,NA,NA,NA,NA,NA,NA,NA,NA,NA,NA,NA,NA,NA
CAPIZZI,ME,2023,NA,NA,NA,NA,NA,NA,NA,NA,NA,NA,NA,NA,NA,NA,NA,NA,NA,NA,NA,NA,NA,NA,NA,NA,NA,NA,NA,NA,NA
